,results,results,results,results,parameters,parameters,parameters,parameters,parameters,parameters,parameters,parameters,parameters,parameters,parameters,parameters,parameters,results,results,results,results,results,results,results,results,results,results,results,results,results,results,results,parameters,parameters,parameters,results,results,results,results,results,parameters,parameters,parameters
,misc,misc,misc,misc,sampler,sampler,sampler,I_y_and_I_z,I_y_and_I_z,I_y_and_I_z,I_y_and_I_z,I_y_and_I_z,I_y_and_I_z,I_y_and_I_z,Q,Q,Q,I_y,I_y,I_y,I_y,I_y,I_z,I_z,I_z,I_z,I_z,Q,Q,Q,Q,Q,sigma,sigma,sigma,sigma,sigma,sigma,sigma,sigma,model,model,likelihood
,RMSE,AIC,BIC,average_diverging,n_samples,n_chains,thinning_rate,prior,mu_0,mu_1,cov_0_0,cov_0_1,cov_1_0,cov_1_1,prior,mu,sigma,mean,lower,upper,average_tau,param_accuracy,mean,lower,upper,average_tau,param_accuracy,mean,lower,upper,average_tau,param_accuracy,prior,mu,sigma,mean,lower,upper,average_tau,param_accuracy,type,H,type
1,NaN,NaN,NaN,NaN,10000,1,1,log_norm,100000.0,100000.0,100000.0,0,0,100000.0,log_norm,1e+18,100000000000.0,NaN,NaN,NaN,NaN,NaN,NaN,NaN,NaN,NaN,NaN,NaN,NaN,NaN,NaN,NaN,log_norm,0.5,0.5,NaN,NaN,NaN,NaN,NaN,log_gpm_norm,10,gaussian
2,NaN,NaN,NaN,NaN,10000,1,1,log_norm,100000.0,100000.0,100000.0,0,0,100000.0,log_norm,1e+18,100000000000.0,NaN,NaN,NaN,NaN,NaN,NaN,NaN,NaN,NaN,NaN,NaN,NaN,NaN,NaN,NaN,log_norm,1.0,0.5,NaN,NaN,NaN,NaN,NaN,log_gpm_norm,10,gaussian
3,NaN,NaN,NaN,NaN,10000,1,1,log_norm,100000.0,100000.0,100000.0,0,0,100000.0,log_norm,1e+18,100000000000.0,NaN,NaN,NaN,NaN,NaN,NaN,NaN,NaN,NaN,NaN,NaN,NaN,NaN,NaN,NaN,log_norm,1.5,0.5,NaN,NaN,NaN,NaN,NaN,log_gpm_norm,10,gaussian
4,NaN,NaN,NaN,NaN,10000,1,1,log_norm,100000.0,100000.0,100000.0,0,0,100000.0,log_norm,1e+18,100000000000.0,NaN,NaN,NaN,NaN,NaN,NaN,NaN,NaN,NaN,NaN,NaN,NaN,NaN,NaN,NaN,log_norm,2.0,0.5,NaN,NaN,NaN,NaN,NaN,log_gpm_norm,10,gaussian
5,NaN,NaN,NaN,NaN,10000,1,1,log_norm,100000.0,100000.0,100000.0,0,0,100000.0,log_norm,1e+18,100000000000.0,NaN,NaN,NaN,NaN,NaN,NaN,NaN,NaN,NaN,NaN,NaN,NaN,NaN,NaN,NaN,log_norm,2.5,0.5,NaN,NaN,NaN,NaN,NaN,log_gpm_norm,10,gaussian
6,NaN,NaN,NaN,NaN,10000,1,1,log_norm,100000.0,100000.0,100000.0,0,0,100000.0,log_norm,1e+18,100000000000.0,NaN,NaN,NaN,NaN,NaN,NaN,NaN,NaN,NaN,NaN,NaN,NaN,NaN,NaN,NaN,log_norm,3.0,0.5,NaN,NaN,NaN,NaN,NaN,log_gpm_norm,10,gaussian
7,NaN,NaN,NaN,NaN,10000,1,1,log_norm,100000.0,100000.0,100000.0,0,0,100000.0,log_norm,1e+18,100000000000.0,NaN,NaN,NaN,NaN,NaN,NaN,NaN,NaN,NaN,NaN,NaN,NaN,NaN,NaN,NaN,log_norm,3.5,0.5,NaN,NaN,NaN,NaN,NaN,log_gpm_norm,10,gaussian
8,NaN,NaN,NaN,NaN,10000,1,1,log_norm,100000.0,100000.0,100000.0,0,0,100000.0,log_norm,1e+18,100000000000.0,NaN,NaN,NaN,NaN,NaN,NaN,NaN,NaN,NaN,NaN,NaN,NaN,NaN,NaN,NaN,log_norm,4.0,0.5,NaN,NaN,NaN,NaN,NaN,log_gpm_norm,10,gaussian
9,NaN,NaN,NaN,NaN,10000,1,1,log_norm,100000.0,100000.0,100000.0,0,0,100000.0,log_norm,1e+18,100000000000.0,NaN,NaN,NaN,NaN,NaN,NaN,NaN,NaN,NaN,NaN,NaN,NaN,NaN,NaN,NaN,log_norm,4.5,0.5,NaN,NaN,NaN,NaN,NaN,log_gpm_norm,10,gaussian
10,NaN,NaN,NaN,NaN,10000,1,1,log_norm,100000.0,100000.0,100000.0,0,0,100000.0,log_norm,1e+18,100000000000.0,NaN,NaN,NaN,NaN,NaN,NaN,NaN,NaN,NaN,NaN,NaN,NaN,NaN,NaN,NaN,log_norm,5.0,0.5,NaN,NaN,NaN,NaN,NaN,log_gpm_norm,10,gaussian
11,NaN,NaN,NaN,NaN,10000,1,1,log_norm,100000.0,100000.0,100000.0,0,0,100000.0,log_norm,1e+18,100000000000.0,NaN,NaN,NaN,NaN,NaN,NaN,NaN,NaN,NaN,NaN,NaN,NaN,NaN,NaN,NaN,log_norm,0.5,1.0,NaN,NaN,NaN,NaN,NaN,log_gpm_norm,10,gaussian
12,NaN,NaN,NaN,NaN,10000,1,1,log_norm,100000.0,100000.0,100000.0,0,0,100000.0,log_norm,1e+18,100000000000.0,NaN,NaN,NaN,NaN,NaN,NaN,NaN,NaN,NaN,NaN,NaN,NaN,NaN,NaN,NaN,log_norm,1.0,1.0,NaN,NaN,NaN,NaN,NaN,log_gpm_norm,10,gaussian
13,NaN,NaN,NaN,NaN,10000,1,1,log_norm,100000.0,100000.0,100000.0,0,0,100000.0,log_norm,1e+18,100000000000.0,NaN,NaN,NaN,NaN,NaN,NaN,NaN,NaN,NaN,NaN,NaN,NaN,NaN,NaN,NaN,log_norm,1.5,1.0,NaN,NaN,NaN,NaN,NaN,log_gpm_norm,10,gaussian
14,NaN,NaN,NaN,NaN,10000,1,1,log_norm,100000.0,100000.0,100000.0,0,0,100000.0,log_norm,1e+18,100000000000.0,NaN,NaN,NaN,NaN,NaN,NaN,NaN,NaN,NaN,NaN,NaN,NaN,NaN,NaN,NaN,log_norm,2.0,1.0,NaN,NaN,NaN,NaN,NaN,log_gpm_norm,10,gaussian
15,NaN,NaN,NaN,NaN,10000,1,1,log_norm,100000.0,100000.0,100000.0,0,0,100000.0,log_norm,1e+18,100000000000.0,NaN,NaN,NaN,NaN,NaN,NaN,NaN,NaN,NaN,NaN,NaN,NaN,NaN,NaN,NaN,log_norm,2.5,1.0,NaN,NaN,NaN,NaN,NaN,log_gpm_norm,10,gaussian
16,NaN,NaN,NaN,NaN,10000,1,1,log_norm,100000.0,100000.0,100000.0,0,0,100000.0,log_norm,1e+18,100000000000.0,NaN,NaN,NaN,NaN,NaN,NaN,NaN,NaN,NaN,NaN,NaN,NaN,NaN,NaN,NaN,log_norm,3.0,1.0,NaN,NaN,NaN,NaN,NaN,log_gpm_norm,10,gaussian
17,NaN,NaN,NaN,NaN,10000,1,1,log_norm,100000.0,100000.0,100000.0,0,0,100000.0,log_norm,1e+18,100000000000.0,NaN,NaN,NaN,NaN,NaN,NaN,NaN,NaN,NaN,NaN,NaN,NaN,NaN,NaN,NaN,log_norm,3.5,1.0,NaN,NaN,NaN,NaN,NaN,log_gpm_norm,10,gaussian
18,NaN,NaN,NaN,NaN,10000,1,1,log_norm,100000.0,100000.0,100000.0,0,0,100000.0,log_norm,1e+18,100000000000.0,NaN,NaN,NaN,NaN,NaN,NaN,NaN,NaN,NaN,NaN,NaN,NaN,NaN,NaN,NaN,log_norm,4.0,1.0,NaN,NaN,NaN,NaN,NaN,log_gpm_norm,10,gaussian
19,NaN,NaN,NaN,NaN,10000,1,1,log_norm,100000.0,100000.0,100000.0,0,0,100000.0,log_norm,1e+18,100000000000.0,NaN,NaN,NaN,NaN,NaN,NaN,NaN,NaN,NaN,NaN,NaN,NaN,NaN,NaN,NaN,log_norm,4.5,1.0,NaN,NaN,NaN,NaN,NaN,log_gpm_norm,10,gaussian
20,NaN,NaN,NaN,NaN,10000,1,1,log_norm,100000.0,100000.0,100000.0,0,0,100000.0,log_norm,1e+18,100000000000.0,NaN,NaN,NaN,NaN,NaN,NaN,NaN,NaN,NaN,NaN,NaN,NaN,NaN,NaN,NaN,log_norm,5.0,1.0,NaN,NaN,NaN,NaN,NaN,log_gpm_norm,10,gaussian
21,NaN,NaN,NaN,NaN,10000,1,1,log_norm,100000.0,100000.0,100000.0,0,0,100000.0,log_norm,1e+18,100000000000.0,NaN,NaN,NaN,NaN,NaN,NaN,NaN,NaN,NaN,NaN,NaN,NaN,NaN,NaN,NaN,log_norm,0.5,1.5,NaN,NaN,NaN,NaN,NaN,log_gpm_norm,10,gaussian
22,NaN,NaN,NaN,NaN,10000,1,1,log_norm,100000.0,100000.0,100000.0,0,0,100000.0,log_norm,1e+18,100000000000.0,NaN,NaN,NaN,NaN,NaN,NaN,NaN,NaN,NaN,NaN,NaN,NaN,NaN,NaN,NaN,log_norm,1.0,1.5,NaN,NaN,NaN,NaN,NaN,log_gpm_norm,10,gaussian
23,NaN,NaN,NaN,NaN,10000,1,1,log_norm,100000.0,100000.0,100000.0,0,0,100000.0,log_norm,1e+18,100000000000.0,NaN,NaN,NaN,NaN,NaN,NaN,NaN,NaN,NaN,NaN,NaN,NaN,NaN,NaN,NaN,log_norm,1.5,1.5,NaN,NaN,NaN,NaN,NaN,log_gpm_norm,10,gaussian
24,NaN,NaN,NaN,NaN,10000,1,1,log_norm,100000.0,100000.0,100000.0,0,0,100000.0,log_norm,1e+18,100000000000.0,NaN,NaN,NaN,NaN,NaN,NaN,NaN,NaN,NaN,NaN,NaN,NaN,NaN,NaN,NaN,log_norm,2.0,1.5,NaN,NaN,NaN,NaN,NaN,log_gpm_norm,10,gaussian
25,NaN,NaN,NaN,NaN,10000,1,1,log_norm,100000.0,100000.0,100000.0,0,0,100000.0,log_norm,1e+18,100000000000.0,NaN,NaN,NaN,NaN,NaN,NaN,NaN,NaN,NaN,NaN,NaN,NaN,NaN,NaN,NaN,log_norm,2.5,1.5,NaN,NaN,NaN,NaN,NaN,log_gpm_norm,10,gaussian
26,NaN,NaN,NaN,NaN,10000,1,1,log_norm,100000.0,100000.0,100000.0,0,0,100000.0,log_norm,1e+18,100000000000.0,NaN,NaN,NaN,NaN,NaN,NaN,NaN,NaN,NaN,NaN,NaN,NaN,NaN,NaN,NaN,log_norm,3.0,1.5,NaN,NaN,NaN,NaN,NaN,log_gpm_norm,10,gaussian
27,NaN,NaN,NaN,NaN,10000,1,1,log_norm,100000.0,100000.0,100000.0,0,0,100000.0,log_norm,1e+18,100000000000.0,NaN,NaN,NaN,NaN,NaN,NaN,NaN,NaN,NaN,NaN,NaN,NaN,NaN,NaN,NaN,log_norm,3.5,1.5,NaN,NaN,NaN,NaN,NaN,log_gpm_norm,10,gaussian
28,NaN,NaN,NaN,NaN,10000,1,1,log_norm,100000.0,100000.0,100000.0,0,0,100000.0,log_norm,1e+18,100000000000.0,NaN,NaN,NaN,NaN,NaN,NaN,NaN,NaN,NaN,NaN,NaN,NaN,NaN,NaN,NaN,log_norm,4.0,1.5,NaN,NaN,NaN,NaN,NaN,log_gpm_norm,10,gaussian
29,NaN,NaN,NaN,NaN,10000,1,1,log_norm,100000.0,100000.0,100000.0,0,0,100000.0,log_norm,1e+18,100000000000.0,NaN,NaN,NaN,NaN,NaN,NaN,NaN,NaN,NaN,NaN,NaN,NaN,NaN,NaN,NaN,log_norm,4.5,1.5,NaN,NaN,NaN,NaN,NaN,log_gpm_norm,10,gaussian
30,NaN,NaN,NaN,NaN,10000,1,1,log_norm,100000.0,100000.0,100000.0,0,0,100000.0,log_norm,1e+18,100000000000.0,NaN,NaN,NaN,NaN,NaN,NaN,NaN,NaN,NaN,NaN,NaN,NaN,NaN,NaN,NaN,log_norm,5.0,1.5,NaN,NaN,NaN,NaN,NaN,log_gpm_norm,10,gaussian
31,NaN,NaN,NaN,NaN,10000,1,1,log_norm,100000.0,100000.0,100000.0,0,0,100000.0,log_norm,1e+18,100000000000.0,NaN,NaN,NaN,NaN,NaN,NaN,NaN,NaN,NaN,NaN,NaN,NaN,NaN,NaN,NaN,log_norm,0.5,2.0,NaN,NaN,NaN,NaN,NaN,log_gpm_norm,10,gaussian
32,NaN,NaN,NaN,NaN,10000,1,1,log_norm,100000.0,100000.0,100000.0,0,0,100000.0,log_norm,1e+18,100000000000.0,NaN,NaN,NaN,NaN,NaN,NaN,NaN,NaN,NaN,NaN,NaN,NaN,NaN,NaN,NaN,log_norm,1.0,2.0,NaN,NaN,NaN,NaN,NaN,log_gpm_norm,10,gaussian
33,NaN,NaN,NaN,NaN,10000,1,1,log_norm,100000.0,100000.0,100000.0,0,0,100000.0,log_norm,1e+18,100000000000.0,NaN,NaN,NaN,NaN,NaN,NaN,NaN,NaN,NaN,NaN,NaN,NaN,NaN,NaN,NaN,log_norm,1.5,2.0,NaN,NaN,NaN,NaN,NaN,log_gpm_norm,10,gaussian
34,NaN,NaN,NaN,NaN,10000,1,1,log_norm,100000.0,100000.0,100000.0,0,0,100000.0,log_norm,1e+18,100000000000.0,NaN,NaN,NaN,NaN,NaN,NaN,NaN,NaN,NaN,NaN,NaN,NaN,NaN,NaN,NaN,log_norm,2.0,2.0,NaN,NaN,NaN,NaN,NaN,log_gpm_norm,10,gaussian
35,NaN,NaN,NaN,NaN,10000,1,1,log_norm,100000.0,100000.0,100000.0,0,0,100000.0,log_norm,1e+18,100000000000.0,NaN,NaN,NaN,NaN,NaN,NaN,NaN,NaN,NaN,NaN,NaN,NaN,NaN,NaN,NaN,log_norm,2.5,2.0,NaN,NaN,NaN,NaN,NaN,log_gpm_norm,10,gaussian
36,NaN,NaN,NaN,NaN,10000,1,1,log_norm,100000.0,100000.0,100000.0,0,0,100000.0,log_norm,1e+18,100000000000.0,NaN,NaN,NaN,NaN,NaN,NaN,NaN,NaN,NaN,NaN,NaN,NaN,NaN,NaN,NaN,log_norm,3.0,2.0,NaN,NaN,NaN,NaN,NaN,log_gpm_norm,10,gaussian
37,NaN,NaN,NaN,NaN,10000,1,1,log_norm,100000.0,100000.0,100000.0,0,0,100000.0,log_norm,1e+18,100000000000.0,NaN,NaN,NaN,NaN,NaN,NaN,NaN,NaN,NaN,NaN,NaN,NaN,NaN,NaN,NaN,log_norm,3.5,2.0,NaN,NaN,NaN,NaN,NaN,log_gpm_norm,10,gaussian
38,NaN,NaN,NaN,NaN,10000,1,1,log_norm,100000.0,100000.0,100000.0,0,0,100000.0,log_norm,1e+18,100000000000.0,NaN,NaN,NaN,NaN,NaN,NaN,NaN,NaN,NaN,NaN,NaN,NaN,NaN,NaN,NaN,log_norm,4.0,2.0,NaN,NaN,NaN,NaN,NaN,log_gpm_norm,10,gaussian
39,NaN,NaN,NaN,NaN,10000,1,1,log_norm,100000.0,100000.0,100000.0,0,0,100000.0,log_norm,1e+18,100000000000.0,NaN,NaN,NaN,NaN,NaN,NaN,NaN,NaN,NaN,NaN,NaN,NaN,NaN,NaN,NaN,log_norm,4.5,2.0,NaN,NaN,NaN,NaN,NaN,log_gpm_norm,10,gaussian
40,NaN,NaN,NaN,NaN,10000,1,1,log_norm,100000.0,100000.0,100000.0,0,0,100000.0,log_norm,1e+18,100000000000.0,NaN,NaN,NaN,NaN,NaN,NaN,NaN,NaN,NaN,NaN,NaN,NaN,NaN,NaN,NaN,log_norm,5.0,2.0,NaN,NaN,NaN,NaN,NaN,log_gpm_norm,10,gaussian
41,NaN,NaN,NaN,NaN,10000,1,1,log_norm,100000.0,100000.0,100000.0,0,0,100000.0,log_norm,1e+18,100000000000.0,NaN,NaN,NaN,NaN,NaN,NaN,NaN,NaN,NaN,NaN,NaN,NaN,NaN,NaN,NaN,log_norm,0.5,2.5,NaN,NaN,NaN,NaN,NaN,log_gpm_norm,10,gaussian
42,NaN,NaN,NaN,NaN,10000,1,1,log_norm,100000.0,100000.0,100000.0,0,0,100000.0,log_norm,1e+18,100000000000.0,NaN,NaN,NaN,NaN,NaN,NaN,NaN,NaN,NaN,NaN,NaN,NaN,NaN,NaN,NaN,log_norm,1.0,2.5,NaN,NaN,NaN,NaN,NaN,log_gpm_norm,10,gaussian
43,NaN,NaN,NaN,NaN,10000,1,1,log_norm,100000.0,100000.0,100000.0,0,0,100000.0,log_norm,1e+18,100000000000.0,NaN,NaN,NaN,NaN,NaN,NaN,NaN,NaN,NaN,NaN,NaN,NaN,NaN,NaN,NaN,log_norm,1.5,2.5,NaN,NaN,NaN,NaN,NaN,log_gpm_norm,10,gaussian
44,NaN,NaN,NaN,NaN,10000,1,1,log_norm,100000.0,100000.0,100000.0,0,0,100000.0,log_norm,1e+18,100000000000.0,NaN,NaN,NaN,NaN,NaN,NaN,NaN,NaN,NaN,NaN,NaN,NaN,NaN,NaN,NaN,log_norm,2.0,2.5,NaN,NaN,NaN,NaN,NaN,log_gpm_norm,10,gaussian
45,NaN,NaN,NaN,NaN,10000,1,1,log_norm,100000.0,100000.0,100000.0,0,0,100000.0,log_norm,1e+18,100000000000.0,NaN,NaN,NaN,NaN,NaN,NaN,NaN,NaN,NaN,NaN,NaN,NaN,NaN,NaN,NaN,log_norm,2.5,2.5,NaN,NaN,NaN,NaN,NaN,log_gpm_norm,10,gaussian
46,NaN,NaN,NaN,NaN,10000,1,1,log_norm,100000.0,100000.0,100000.0,0,0,100000.0,log_norm,1e+18,100000000000.0,NaN,NaN,NaN,NaN,NaN,NaN,NaN,NaN,NaN,NaN,NaN,NaN,NaN,NaN,NaN,log_norm,3.0,2.5,NaN,NaN,NaN,NaN,NaN,log_gpm_norm,10,gaussian
47,NaN,NaN,NaN,NaN,10000,1,1,log_norm,100000.0,100000.0,100000.0,0,0,100000.0,log_norm,1e+18,100000000000.0,NaN,NaN,NaN,NaN,NaN,NaN,NaN,NaN,NaN,NaN,NaN,NaN,NaN,NaN,NaN,log_norm,3.5,2.5,NaN,NaN,NaN,NaN,NaN,log_gpm_norm,10,gaussian
48,NaN,NaN,NaN,NaN,10000,1,1,log_norm,100000.0,100000.0,100000.0,0,0,100000.0,log_norm,1e+18,100000000000.0,NaN,NaN,NaN,NaN,NaN,NaN,NaN,NaN,NaN,NaN,NaN,NaN,NaN,NaN,NaN,log_norm,4.0,2.5,NaN,NaN,NaN,NaN,NaN,log_gpm_norm,10,gaussian
49,NaN,NaN,NaN,NaN,10000,1,1,log_norm,100000.0,100000.0,100000.0,0,0,100000.0,log_norm,1e+18,100000000000.0,NaN,NaN,NaN,NaN,NaN,NaN,NaN,NaN,NaN,NaN,NaN,NaN,NaN,NaN,NaN,log_norm,4.5,2.5,NaN,NaN,NaN,NaN,NaN,log_gpm_norm,10,gaussian
50,NaN,NaN,NaN,NaN,10000,1,1,log_norm,100000.0,100000.0,100000.0,0,0,100000.0,log_norm,1e+18,100000000000.0,NaN,NaN,NaN,NaN,NaN,NaN,NaN,NaN,NaN,NaN,NaN,NaN,NaN,NaN,NaN,log_norm,5.0,2.5,NaN,NaN,NaN,NaN,NaN,log_gpm_norm,10,gaussian
51,NaN,NaN,NaN,NaN,10000,1,1,log_norm,100000.0,100000.0,100000.0,0,0,100000.0,log_norm,1e+18,100000000000.0,NaN,NaN,NaN,NaN,NaN,NaN,NaN,NaN,NaN,NaN,NaN,NaN,NaN,NaN,NaN,log_norm,0.5,3.0,NaN,NaN,NaN,NaN,NaN,log_gpm_norm,10,gaussian
52,NaN,NaN,NaN,NaN,10000,1,1,log_norm,100000.0,100000.0,100000.0,0,0,100000.0,log_norm,1e+18,100000000000.0,NaN,NaN,NaN,NaN,NaN,NaN,NaN,NaN,NaN,NaN,NaN,NaN,NaN,NaN,NaN,log_norm,1.0,3.0,NaN,NaN,NaN,NaN,NaN,log_gpm_norm,10,gaussian
53,NaN,NaN,NaN,NaN,10000,1,1,log_norm,100000.0,100000.0,100000.0,0,0,100000.0,log_norm,1e+18,100000000000.0,NaN,NaN,NaN,NaN,NaN,NaN,NaN,NaN,NaN,NaN,NaN,NaN,NaN,NaN,NaN,log_norm,1.5,3.0,NaN,NaN,NaN,NaN,NaN,log_gpm_norm,10,gaussian
54,NaN,NaN,NaN,NaN,10000,1,1,log_norm,100000.0,100000.0,100000.0,0,0,100000.0,log_norm,1e+18,100000000000.0,NaN,NaN,NaN,NaN,NaN,NaN,NaN,NaN,NaN,NaN,NaN,NaN,NaN,NaN,NaN,log_norm,2.0,3.0,NaN,NaN,NaN,NaN,NaN,log_gpm_norm,10,gaussian
55,NaN,NaN,NaN,NaN,10000,1,1,log_norm,100000.0,100000.0,100000.0,0,0,100000.0,log_norm,1e+18,100000000000.0,NaN,NaN,NaN,NaN,NaN,NaN,NaN,NaN,NaN,NaN,NaN,NaN,NaN,NaN,NaN,log_norm,2.5,3.0,NaN,NaN,NaN,NaN,NaN,log_gpm_norm,10,gaussian
56,NaN,NaN,NaN,NaN,10000,1,1,log_norm,100000.0,100000.0,100000.0,0,0,100000.0,log_norm,1e+18,100000000000.0,NaN,NaN,NaN,NaN,NaN,NaN,NaN,NaN,NaN,NaN,NaN,NaN,NaN,NaN,NaN,log_norm,3.0,3.0,NaN,NaN,NaN,NaN,NaN,log_gpm_norm,10,gaussian
57,NaN,NaN,NaN,NaN,10000,1,1,log_norm,100000.0,100000.0,100000.0,0,0,100000.0,log_norm,1e+18,100000000000.0,NaN,NaN,NaN,NaN,NaN,NaN,NaN,NaN,NaN,NaN,NaN,NaN,NaN,NaN,NaN,log_norm,3.5,3.0,NaN,NaN,NaN,NaN,NaN,log_gpm_norm,10,gaussian
58,NaN,NaN,NaN,NaN,10000,1,1,log_norm,100000.0,100000.0,100000.0,0,0,100000.0,log_norm,1e+18,100000000000.0,NaN,NaN,NaN,NaN,NaN,NaN,NaN,NaN,NaN,NaN,NaN,NaN,NaN,NaN,NaN,log_norm,4.0,3.0,NaN,NaN,NaN,NaN,NaN,log_gpm_norm,10,gaussian
59,NaN,NaN,NaN,NaN,10000,1,1,log_norm,100000.0,100000.0,100000.0,0,0,100000.0,log_norm,1e+18,100000000000.0,NaN,NaN,NaN,NaN,NaN,NaN,NaN,NaN,NaN,NaN,NaN,NaN,NaN,NaN,NaN,log_norm,4.5,3.0,NaN,NaN,NaN,NaN,NaN,log_gpm_norm,10,gaussian
60,NaN,NaN,NaN,NaN,10000,1,1,log_norm,100000.0,100000.0,100000.0,0,0,100000.0,log_norm,1e+18,100000000000.0,NaN,NaN,NaN,NaN,NaN,NaN,NaN,NaN,NaN,NaN,NaN,NaN,NaN,NaN,NaN,log_norm,5.0,3.0,NaN,NaN,NaN,NaN,NaN,log_gpm_norm,10,gaussian
61,NaN,NaN,NaN,NaN,10000,1,1,log_norm,100000.0,100000.0,100000.0,0,0,100000.0,log_norm,1e+18,100000000000.0,NaN,NaN,NaN,NaN,NaN,NaN,NaN,NaN,NaN,NaN,NaN,NaN,NaN,NaN,NaN,log_norm,0.5,3.5,NaN,NaN,NaN,NaN,NaN,log_gpm_norm,10,gaussian
62,NaN,NaN,NaN,NaN,10000,1,1,log_norm,100000.0,100000.0,100000.0,0,0,100000.0,log_norm,1e+18,100000000000.0,NaN,NaN,NaN,NaN,NaN,NaN,NaN,NaN,NaN,NaN,NaN,NaN,NaN,NaN,NaN,log_norm,1.0,3.5,NaN,NaN,NaN,NaN,NaN,log_gpm_norm,10,gaussian
63,NaN,NaN,NaN,NaN,10000,1,1,log_norm,100000.0,100000.0,100000.0,0,0,100000.0,log_norm,1e+18,100000000000.0,NaN,NaN,NaN,NaN,NaN,NaN,NaN,NaN,NaN,NaN,NaN,NaN,NaN,NaN,NaN,log_norm,1.5,3.5,NaN,NaN,NaN,NaN,NaN,log_gpm_norm,10,gaussian
64,NaN,NaN,NaN,NaN,10000,1,1,log_norm,100000.0,100000.0,100000.0,0,0,100000.0,log_norm,1e+18,100000000000.0,NaN,NaN,NaN,NaN,NaN,NaN,NaN,NaN,NaN,NaN,NaN,NaN,NaN,NaN,NaN,log_norm,2.0,3.5,NaN,NaN,NaN,NaN,NaN,log_gpm_norm,10,gaussian
65,NaN,NaN,NaN,NaN,10000,1,1,log_norm,100000.0,100000.0,100000.0,0,0,100000.0,log_norm,1e+18,100000000000.0,NaN,NaN,NaN,NaN,NaN,NaN,NaN,NaN,NaN,NaN,NaN,NaN,NaN,NaN,NaN,log_norm,2.5,3.5,NaN,NaN,NaN,NaN,NaN,log_gpm_norm,10,gaussian
66,NaN,NaN,NaN,NaN,10000,1,1,log_norm,100000.0,100000.0,100000.0,0,0,100000.0,log_norm,1e+18,100000000000.0,NaN,NaN,NaN,NaN,NaN,NaN,NaN,NaN,NaN,NaN,NaN,NaN,NaN,NaN,NaN,log_norm,3.0,3.5,NaN,NaN,NaN,NaN,NaN,log_gpm_norm,10,gaussian
67,NaN,NaN,NaN,NaN,10000,1,1,log_norm,100000.0,100000.0,100000.0,0,0,100000.0,log_norm,1e+18,100000000000.0,NaN,NaN,NaN,NaN,NaN,NaN,NaN,NaN,NaN,NaN,NaN,NaN,NaN,NaN,NaN,log_norm,3.5,3.5,NaN,NaN,NaN,NaN,NaN,log_gpm_norm,10,gaussian
68,NaN,NaN,NaN,NaN,10000,1,1,log_norm,100000.0,100000.0,100000.0,0,0,100000.0,log_norm,1e+18,100000000000.0,NaN,NaN,NaN,NaN,NaN,NaN,NaN,NaN,NaN,NaN,NaN,NaN,NaN,NaN,NaN,log_norm,4.0,3.5,NaN,NaN,NaN,NaN,NaN,log_gpm_norm,10,gaussian
69,NaN,NaN,NaN,NaN,10000,1,1,log_norm,100000.0,100000.0,100000.0,0,0,100000.0,log_norm,1e+18,100000000000.0,NaN,NaN,NaN,NaN,NaN,NaN,NaN,NaN,NaN,NaN,NaN,NaN,NaN,NaN,NaN,log_norm,4.5,3.5,NaN,NaN,NaN,NaN,NaN,log_gpm_norm,10,gaussian
70,NaN,NaN,NaN,NaN,10000,1,1,log_norm,100000.0,100000.0,100000.0,0,0,100000.0,log_norm,1e+18,100000000000.0,NaN,NaN,NaN,NaN,NaN,NaN,NaN,NaN,NaN,NaN,NaN,NaN,NaN,NaN,NaN,log_norm,5.0,3.5,NaN,NaN,NaN,NaN,NaN,log_gpm_norm,10,gaussian
71,NaN,NaN,NaN,NaN,10000,1,1,log_norm,100000.0,100000.0,100000.0,0,0,100000.0,log_norm,1e+18,100000000000.0,NaN,NaN,NaN,NaN,NaN,NaN,NaN,NaN,NaN,NaN,NaN,NaN,NaN,NaN,NaN,log_norm,0.5,4.0,NaN,NaN,NaN,NaN,NaN,log_gpm_norm,10,gaussian
72,NaN,NaN,NaN,NaN,10000,1,1,log_norm,100000.0,100000.0,100000.0,0,0,100000.0,log_norm,1e+18,100000000000.0,NaN,NaN,NaN,NaN,NaN,NaN,NaN,NaN,NaN,NaN,NaN,NaN,NaN,NaN,NaN,log_norm,1.0,4.0,NaN,NaN,NaN,NaN,NaN,log_gpm_norm,10,gaussian
73,NaN,NaN,NaN,NaN,10000,1,1,log_norm,100000.0,100000.0,100000.0,0,0,100000.0,log_norm,1e+18,100000000000.0,NaN,NaN,NaN,NaN,NaN,NaN,NaN,NaN,NaN,NaN,NaN,NaN,NaN,NaN,NaN,log_norm,1.5,4.0,NaN,NaN,NaN,NaN,NaN,log_gpm_norm,10,gaussian
74,NaN,NaN,NaN,NaN,10000,1,1,log_norm,100000.0,100000.0,100000.0,0,0,100000.0,log_norm,1e+18,100000000000.0,NaN,NaN,NaN,NaN,NaN,NaN,NaN,NaN,NaN,NaN,NaN,NaN,NaN,NaN,NaN,log_norm,2.0,4.0,NaN,NaN,NaN,NaN,NaN,log_gpm_norm,10,gaussian
75,NaN,NaN,NaN,NaN,10000,1,1,log_norm,100000.0,100000.0,100000.0,0,0,100000.0,log_norm,1e+18,100000000000.0,NaN,NaN,NaN,NaN,NaN,NaN,NaN,NaN,NaN,NaN,NaN,NaN,NaN,NaN,NaN,log_norm,2.5,4.0,NaN,NaN,NaN,NaN,NaN,log_gpm_norm,10,gaussian
76,NaN,NaN,NaN,NaN,10000,1,1,log_norm,100000.0,100000.0,100000.0,0,0,100000.0,log_norm,1e+18,100000000000.0,NaN,NaN,NaN,NaN,NaN,NaN,NaN,NaN,NaN,NaN,NaN,NaN,NaN,NaN,NaN,log_norm,3.0,4.0,NaN,NaN,NaN,NaN,NaN,log_gpm_norm,10,gaussian
77,NaN,NaN,NaN,NaN,10000,1,1,log_norm,100000.0,100000.0,100000.0,0,0,100000.0,log_norm,1e+18,100000000000.0,NaN,NaN,NaN,NaN,NaN,NaN,NaN,NaN,NaN,NaN,NaN,NaN,NaN,NaN,NaN,log_norm,3.5,4.0,NaN,NaN,NaN,NaN,NaN,log_gpm_norm,10,gaussian
78,NaN,NaN,NaN,NaN,10000,1,1,log_norm,100000.0,100000.0,100000.0,0,0,100000.0,log_norm,1e+18,100000000000.0,NaN,NaN,NaN,NaN,NaN,NaN,NaN,NaN,NaN,NaN,NaN,NaN,NaN,NaN,NaN,log_norm,4.0,4.0,NaN,NaN,NaN,NaN,NaN,log_gpm_norm,10,gaussian
79,NaN,NaN,NaN,NaN,10000,1,1,log_norm,100000.0,100000.0,100000.0,0,0,100000.0,log_norm,1e+18,100000000000.0,NaN,NaN,NaN,NaN,NaN,NaN,NaN,NaN,NaN,NaN,NaN,NaN,NaN,NaN,NaN,log_norm,4.5,4.0,NaN,NaN,NaN,NaN,NaN,log_gpm_norm,10,gaussian
80,NaN,NaN,NaN,NaN,10000,1,1,log_norm,100000.0,100000.0,100000.0,0,0,100000.0,log_norm,1e+18,100000000000.0,NaN,NaN,NaN,NaN,NaN,NaN,NaN,NaN,NaN,NaN,NaN,NaN,NaN,NaN,NaN,log_norm,5.0,4.0,NaN,NaN,NaN,NaN,NaN,log_gpm_norm,10,gaussian
81,NaN,NaN,NaN,NaN,10000,1,1,log_norm,100000.0,100000.0,100000.0,0,0,100000.0,log_norm,1e+18,100000000000.0,NaN,NaN,NaN,NaN,NaN,NaN,NaN,NaN,NaN,NaN,NaN,NaN,NaN,NaN,NaN,log_norm,0.5,4.5,NaN,NaN,NaN,NaN,NaN,log_gpm_norm,10,gaussian
82,NaN,NaN,NaN,NaN,10000,1,1,log_norm,100000.0,100000.0,100000.0,0,0,100000.0,log_norm,1e+18,100000000000.0,NaN,NaN,NaN,NaN,NaN,NaN,NaN,NaN,NaN,NaN,NaN,NaN,NaN,NaN,NaN,log_norm,1.0,4.5,NaN,NaN,NaN,NaN,NaN,log_gpm_norm,10,gaussian
83,NaN,NaN,NaN,NaN,10000,1,1,log_norm,100000.0,100000.0,100000.0,0,0,100000.0,log_norm,1e+18,100000000000.0,NaN,NaN,NaN,NaN,NaN,NaN,NaN,NaN,NaN,NaN,NaN,NaN,NaN,NaN,NaN,log_norm,1.5,4.5,NaN,NaN,NaN,NaN,NaN,log_gpm_norm,10,gaussian
84,NaN,NaN,NaN,NaN,10000,1,1,log_norm,100000.0,100000.0,100000.0,0,0,100000.0,log_norm,1e+18,100000000000.0,NaN,NaN,NaN,NaN,NaN,NaN,NaN,NaN,NaN,NaN,NaN,NaN,NaN,NaN,NaN,log_norm,2.0,4.5,NaN,NaN,NaN,NaN,NaN,log_gpm_norm,10,gaussian
85,NaN,NaN,NaN,NaN,10000,1,1,log_norm,100000.0,100000.0,100000.0,0,0,100000.0,log_norm,1e+18,100000000000.0,NaN,NaN,NaN,NaN,NaN,NaN,NaN,NaN,NaN,NaN,NaN,NaN,NaN,NaN,NaN,log_norm,2.5,4.5,NaN,NaN,NaN,NaN,NaN,log_gpm_norm,10,gaussian
86,NaN,NaN,NaN,NaN,10000,1,1,log_norm,100000.0,100000.0,100000.0,0,0,100000.0,log_norm,1e+18,100000000000.0,NaN,NaN,NaN,NaN,NaN,NaN,NaN,NaN,NaN,NaN,NaN,NaN,NaN,NaN,NaN,log_norm,3.0,4.5,NaN,NaN,NaN,NaN,NaN,log_gpm_norm,10,gaussian
87,NaN,NaN,NaN,NaN,10000,1,1,log_norm,100000.0,100000.0,100000.0,0,0,100000.0,log_norm,1e+18,100000000000.0,NaN,NaN,NaN,NaN,NaN,NaN,NaN,NaN,NaN,NaN,NaN,NaN,NaN,NaN,NaN,log_norm,3.5,4.5,NaN,NaN,NaN,NaN,NaN,log_gpm_norm,10,gaussian
88,NaN,NaN,NaN,NaN,10000,1,1,log_norm,100000.0,100000.0,100000.0,0,0,100000.0,log_norm,1e+18,100000000000.0,NaN,NaN,NaN,NaN,NaN,NaN,NaN,NaN,NaN,NaN,NaN,NaN,NaN,NaN,NaN,log_norm,4.0,4.5,NaN,NaN,NaN,NaN,NaN,log_gpm_norm,10,gaussian
89,NaN,NaN,NaN,NaN,10000,1,1,log_norm,100000.0,100000.0,100000.0,0,0,100000.0,log_norm,1e+18,100000000000.0,NaN,NaN,NaN,NaN,NaN,NaN,NaN,NaN,NaN,NaN,NaN,NaN,NaN,NaN,NaN,log_norm,4.5,4.5,NaN,NaN,NaN,NaN,NaN,log_gpm_norm,10,gaussian
90,NaN,NaN,NaN,NaN,10000,1,1,log_norm,100000.0,100000.0,100000.0,0,0,100000.0,log_norm,1e+18,100000000000.0,NaN,NaN,NaN,NaN,NaN,NaN,NaN,NaN,NaN,NaN,NaN,NaN,NaN,NaN,NaN,log_norm,5.0,4.5,NaN,NaN,NaN,NaN,NaN,log_gpm_norm,10,gaussian
91,NaN,NaN,NaN,NaN,10000,1,1,log_norm,100000.0,100000.0,100000.0,0,0,100000.0,log_norm,1e+18,100000000000.0,NaN,NaN,NaN,NaN,NaN,NaN,NaN,NaN,NaN,NaN,NaN,NaN,NaN,NaN,NaN,log_norm,0.5,5.0,NaN,NaN,NaN,NaN,NaN,log_gpm_norm,10,gaussian
92,NaN,NaN,NaN,NaN,10000,1,1,log_norm,100000.0,100000.0,100000.0,0,0,100000.0,log_norm,1e+18,100000000000.0,NaN,NaN,NaN,NaN,NaN,NaN,NaN,NaN,NaN,NaN,NaN,NaN,NaN,NaN,NaN,log_norm,1.0,5.0,NaN,NaN,NaN,NaN,NaN,log_gpm_norm,10,gaussian
93,NaN,NaN,NaN,NaN,10000,1,1,log_norm,100000.0,100000.0,100000.0,0,0,100000.0,log_norm,1e+18,100000000000.0,NaN,NaN,NaN,NaN,NaN,NaN,NaN,NaN,NaN,NaN,NaN,NaN,NaN,NaN,NaN,log_norm,1.5,5.0,NaN,NaN,NaN,NaN,NaN,log_gpm_norm,10,gaussian
94,NaN,NaN,NaN,NaN,10000,1,1,log_norm,100000.0,100000.0,100000.0,0,0,100000.0,log_norm,1e+18,100000000000.0,NaN,NaN,NaN,NaN,NaN,NaN,NaN,NaN,NaN,NaN,NaN,NaN,NaN,NaN,NaN,log_norm,2.0,5.0,NaN,NaN,NaN,NaN,NaN,log_gpm_norm,10,gaussian
95,NaN,NaN,NaN,NaN,10000,1,1,log_norm,100000.0,100000.0,100000.0,0,0,100000.0,log_norm,1e+18,100000000000.0,NaN,NaN,NaN,NaN,NaN,NaN,NaN,NaN,NaN,NaN,NaN,NaN,NaN,NaN,NaN,log_norm,2.5,5.0,NaN,NaN,NaN,NaN,NaN,log_gpm_norm,10,gaussian
96,NaN,NaN,NaN,NaN,10000,1,1,log_norm,100000.0,100000.0,100000.0,0,0,100000.0,log_norm,1e+18,100000000000.0,NaN,NaN,NaN,NaN,NaN,NaN,NaN,NaN,NaN,NaN,NaN,NaN,NaN,NaN,NaN,log_norm,3.0,5.0,NaN,NaN,NaN,NaN,NaN,log_gpm_norm,10,gaussian
97,NaN,NaN,NaN,NaN,10000,1,1,log_norm,100000.0,100000.0,100000.0,0,0,100000.0,log_norm,1e+18,100000000000.0,NaN,NaN,NaN,NaN,NaN,NaN,NaN,NaN,NaN,NaN,NaN,NaN,NaN,NaN,NaN,log_norm,3.5,5.0,NaN,NaN,NaN,NaN,NaN,log_gpm_norm,10,gaussian
98,NaN,NaN,NaN,NaN,10000,1,1,log_norm,100000.0,100000.0,100000.0,0,0,100000.0,log_norm,1e+18,100000000000.0,NaN,NaN,NaN,NaN,NaN,NaN,NaN,NaN,NaN,NaN,NaN,NaN,NaN,NaN,NaN,log_norm,4.0,5.0,NaN,NaN,NaN,NaN,NaN,log_gpm_norm,10,gaussian
99,NaN,NaN,NaN,NaN,10000,1,1,log_norm,100000.0,100000.0,100000.0,0,0,100000.0,log_norm,1e+18,100000000000.0,NaN,NaN,NaN,NaN,NaN,NaN,NaN,NaN,NaN,NaN,NaN,NaN,NaN,NaN,NaN,log_norm,4.5,5.0,NaN,NaN,NaN,NaN,NaN,log_gpm_norm,10,gaussian
100,NaN,NaN,NaN,NaN,10000,1,1,log_norm,100000.0,100000.0,100000.0,0,0,100000.0,log_norm,1e+18,100000000000.0,NaN,NaN,NaN,NaN,NaN,NaN,NaN,NaN,NaN,NaN,NaN,NaN,NaN,NaN,NaN,log_norm,5.0,5.0,NaN,NaN,NaN,NaN,NaN,log_gpm_norm,10,gaussian
